syn_018440	整体词	syn_002327
syn_009247	上位词	syn_001148
syn_007553	上位词	syn_004810
syn_015291	反义词	syn_015540
syn_010759	反义词	syn_001475
syn_010735	反义词	syn_001470
syn_002160	上位词	syn_004717
syn_016563	上位词	syn_002327
syn_000454	反义词	syn_015180
syn_008336	上位词	syn_000472
syn_002074	上位词	syn_004717
syn_001397	反义词	syn_010431
syn_001603	反义词	syn_011425
syn_016136	整体词	syn_016358
syn_002172	上位词	syn_002319
syn_000269	整体词	syn_002466
syn_019758	上位词	syn_005604
syn_019856	整体词	syn_002344
syn_001468	反义词	syn_010726
syn_019806	上位词	syn_002319
syn_001603	反义词	syn_011426
syn_003759	上位词	syn_005604
syn_009576	反义词	syn_009575
syn_013082	上位词	syn_005604
syn_008114	上位词	syn_002308
syn_004857	上位词	syn_002766
syn_009192	上位词	syn_000995
syn_010100	反义词	syn_010107
syn_012372	整体词	syn_016358
syn_015124	上位词	syn_012135
syn_015267	反义词	syn_015266
syn_002636	上位词	syn_005604
syn_019348	上位词	syn_006272
syn_004266	上位词	syn_012477
syn_015824	上位词	syn_017264
syn_001780	反义词	syn_010328
syn_015153	上位词	syn_001942
syn_016596	整体词	syn_007181
syn_018521	上位词	syn_005604
syn_008168	上位词	syn_004057
syn_002972	反义词	syn_001502
syn_009462	反义词	syn_009463
syn_011021	反义词	syn_011019
syn_004196	上位词	syn_006870
syn_009320	上位词	syn_009613
syn_005234	上位词	syn_002127
syn_002524	上位词	syn_006272
syn_002191	上位词	syn_016247
syn_000311	反义词	syn_000758
syn_013302	上位词	syn_019181
syn_009704	反义词	syn_009705
syn_010582	反义词	syn_010581
syn_004542	上位词	syn_002521
syn_007104	上位词	syn_007181
syn_011292	反义词	syn_009822
syn_001553	反义词	syn_001122
syn_018760	上位词	syn_005604
syn_003993	反义词	syn_004793
syn_018962	上位词	syn_018963
syn_001446	反义词	syn_010188
syn_002494	上位词	syn_016247
syn_002893	上位词	syn_019171
syn_009349	反义词	syn_010291
syn_014796	上位词	syn_002134
syn_010545	反义词	syn_003604
syn_007435	上位词	syn_018169
syn_005431	上位词	syn_000079
syn_000323	反义词	syn_000320
syn_002677	反义词	syn_002676
syn_016428	上位词	syn_002319
syn_001919	上位词	syn_019181
syn_016818	上位词	syn_006718
syn_008476	上位词	syn_001943
syn_014747	上位词	syn_015820
syn_000226	反义词	syn_004600
syn_012385	上位词	syn_002023
syn_001941	上位词	syn_012157
syn_002530	上位词	syn_016670
syn_005529	上位词	syn_012794
syn_002108	上位词	syn_002468
syn_004710	反义词	syn_008170
syn_010217	反义词	syn_010218
syn_009097	上位词	syn_008546
syn_010206	反义词	syn_010207
syn_005549	上位词	syn_015398
syn_015743	上位词	syn_002645
syn_011550	反义词	syn_001631
syn_002235	反义词	syn_002236
syn_017287	反义词	syn_017369
syn_008552	上位词	syn_018169
syn_000283	上位词	syn_007474
syn_005488	整体词	syn_001942
syn_000697	整体词	syn_004260
syn_001401	反义词	syn_001354
syn_018686	上位词	syn_005604
syn_008023	上位词	syn_015113
syn_018985	整体词	syn_016358
syn_009714	反义词	syn_009414
syn_015622	上位词	syn_002583
syn_007097	上位词	syn_007181
syn_007990	上位词	syn_007989
syn_000206	上位词	syn_000140
syn_000359	反义词	syn_000358
syn_004600	上位词	syn_002466
syn_010687	反义词	syn_009419
syn_002352	整体词	syn_017185
syn_008653	反义词	syn_008646
syn_016583	上位词	syn_005604
syn_010719	反义词	syn_010718
syn_003579	反义词	syn_003411
syn_007349	上位词	syn_012477
syn_008319	整体词	syn_019700
syn_007097	上位词	syn_002068
syn_019567	上位词	syn_005604
syn_017308	反义词	syn_017723
syn_011995	上位词	syn_015273
syn_015674	上位词	syn_006870
syn_016986	上位词	syn_008067
syn_000249	反义词	syn_000250
syn_018167	上位词	syn_018168
syn_008518	上位词	syn_004717
syn_001503	反义词	syn_001502
syn_009647	反义词	syn_001217
syn_002134	上位词	syn_012973
syn_002488	上位词	syn_001999
syn_001638	反义词	syn_001639
syn_017032	上位词	syn_002645
syn_018636	上位词	syn_005604
syn_015340	上位词	syn_002473
syn_009151	反义词	syn_010699
syn_018688	上位词	syn_005604
syn_018384	上位词	syn_005604
syn_007377	上位词	syn_002357
syn_002222	上位词	syn_002327
syn_002276	上位词	syn_004763
syn_009121	反义词	syn_009502
syn_007381	上位词	syn_002102
syn_002676	反义词	syn_002677
syn_011277	反义词	syn_011276
syn_002485	上位词	syn_001934
syn_007778	上位词	syn_006257
syn_019438	上位词	syn_019181
syn_017168	上位词	syn_006889
syn_009278	反义词	syn_009140
syn_013009	反义词	syn_019393
syn_007794	上位词	syn_002023
syn_005604	上位词	syn_004612
syn_011390	反义词	syn_009876
syn_010764	反义词	syn_001478
syn_006982	上位词	syn_003332
syn_012966	上位词	syn_015273
syn_002605	上位词	syn_002468
syn_002051	整体词	syn_002645
syn_016069	上位词	syn_005433
syn_005454	上位词	syn_003953
syn_008945	整体词	syn_001987
syn_012780	上位词	syn_014901
syn_019604	上位词	syn_003983
syn_012740	上位词	syn_012739
syn_003655	反义词	syn_003673
syn_004840	上位词	syn_012383
syn_018353	上位词	syn_005604
syn_013085	上位词	syn_006171
syn_004562	反义词	syn_000054
syn_005507	上位词	syn_011700
syn_000064	反义词	syn_000425
syn_000013	反义词	syn_000226
syn_009762	反义词	syn_009763
syn_018025	反义词	syn_018026
syn_002624	上位词	syn_012794
syn_000948	上位词	syn_008067
syn_006524	反义词	syn_006525
syn_000054	反义词	syn_004562
syn_012514	整体词	syn_001942
syn_004411	上位词	syn_003880
syn_004768	上位词	syn_004772
syn_015800	上位词	syn_008821
syn_003388	反义词	syn_017471
syn_006713	上位词	syn_019181
syn_007110	上位词	syn_007181
syn_013822	上位词	syn_006850
syn_007355	上位词	syn_012477
syn_015303	上位词	syn_003108
syn_004385	上位词	syn_004715
syn_000908	上位词	syn_001946
syn_009502	反义词	syn_009121
syn_018827	整体词	syn_018169
syn_002794	上位词	syn_005812
syn_001354	反义词	syn_001401
syn_010102	反义词	syn_010106
syn_000039	反义词	syn_000039
syn_016102	整体词	syn_006883
syn_004744	上位词	syn_002086
syn_018443	上位词	syn_005604
syn_012946	上位词	syn_002035
syn_004722	上位词	syn_016247
syn_008804	上位词	syn_019181
syn_018411	上位词	syn_005604
syn_009817	反义词	syn_009816
syn_005107	上位词	syn_002031
syn_014149	上位词	syn_015304
syn_002648	上位词	syn_004717
syn_002257	上位词	syn_006870
syn_004538	上位词	syn_015820
syn_008583	上位词	syn_004717
syn_013158	上位词	syn_001942
syn_002077	反义词	syn_002075
syn_009829	上位词	syn_001224
syn_018190	上位词	syn_005604
syn_007154	整体词	syn_005882
syn_011214	上位词	syn_001501
syn_000069	上位词	syn_000068
syn_016188	反义词	syn_008015
syn_018744	上位词	syn_005604
syn_010374	反义词	syn_010373
syn_000269	反义词	syn_000268
syn_016406	上位词	syn_000121
syn_005305	上位词	syn_002521
syn_002567	上位词	syn_002319
syn_010568	反义词	syn_010569
syn_011602	反义词	syn_011613
syn_006949	反义词	syn_002078
syn_016942	上位词	syn_002645
syn_010200	反义词	syn_011103
syn_015761	上位词	syn_006171
syn_000711	上位词	syn_000733
syn_004070	整体词	syn_002651
syn_000422	反义词	syn_009115
syn_000261	反义词	syn_000259
syn_011816	上位词	syn_001678
syn_009110	反义词	syn_009180
syn_018708	上位词	syn_005604
syn_006122	上位词	syn_016850
syn_002365	上位词	syn_002327
syn_001600	反义词	syn_011418
syn_007155	上位词	syn_005604
syn_000083	整体词	syn_002466
syn_019696	整体词	syn_014897
syn_005351	上位词	syn_012157
syn_008016	上位词	syn_012906
syn_001932	反义词	syn_004609
syn_011019	反义词	syn_011021
syn_011407	反义词	syn_011406
syn_011547	反义词	syn_001630
syn_013153	上位词	syn_013146
syn_004486	上位词	syn_005604
syn_007378	上位词	syn_002250
syn_000228	反义词	syn_007019
syn_000303	反义词	syn_005670
syn_000231	反义词	syn_005560
syn_006752	反义词	syn_000573
syn_012135	上位词	syn_002027
syn_018325	上位词	syn_005604
syn_007216	上位词	syn_007218
syn_006894	上位词	syn_012135
syn_011660	上位词	syn_002645
syn_011898	上位词	syn_005604
syn_004793	反义词	syn_004792
syn_005492	上位词	syn_002319
syn_009568	反义词	syn_009569
syn_002046	整体词	syn_002052
syn_016167	上位词	syn_006871
syn_006266	上位词	syn_004810
syn_001473	反义词	syn_010748
syn_015223	反义词	syn_015221
syn_015332	上位词	syn_002097
syn_018833	反义词	syn_014524
syn_010272	上位词	syn_001385
syn_016823	上位词	syn_004801
syn_018503	上位词	syn_005604
syn_010751	反义词	syn_010444
syn_007106	上位词	syn_007181
syn_010107	反义词	syn_010100
syn_007106	上位词	syn_002068
syn_015943	上位词	syn_015919
syn_006948	上位词	syn_004717
syn_001174	反义词	syn_009114
syn_002526	上位词	syn_019232
syn_001834	反义词	syn_010095
syn_009280	上位词	syn_005387
syn_014253	反义词	syn_014254
syn_019114	上位词	syn_015275
syn_007379	整体词	syn_002070
syn_014907	上位词	syn_006870
syn_012973	上位词	syn_005882
syn_017147	上位词	syn_002468
syn_016735	上位词	syn_003313
syn_003263	上位词	syn_015275
syn_018787	上位词	syn_008772
syn_000252	反义词	syn_014415
syn_012910	上位词	syn_012912
syn_019791	上位词	syn_018169
syn_006051	上位词	syn_002468
syn_002755	上位词	syn_013751
syn_013514	反义词	syn_002778
syn_017171	上位词	syn_006889
syn_000920	上位词	syn_001946
syn_001341	反义词	syn_016672
syn_012609	上位词	syn_019345
syn_018668	整体词	syn_000920
syn_001597	反义词	syn_009566
syn_004101	上位词	syn_002506
syn_001609	反义词	syn_001530
syn_006951	反义词	syn_002079
syn_001954	整体词	syn_002645
syn_016154	上位词	syn_002506
syn_008019	整体词	syn_002024
syn_014701	反义词	syn_002443
syn_005552	上位词	syn_012477
syn_014821	上位词	syn_002134
syn_001265	反义词	syn_010260
syn_010188	反义词	syn_001446
syn_015717	上位词	syn_003113
syn_002556	上位词	syn_005274
syn_005608	上位词	syn_006870
syn_017239	上位词	syn_012794
syn_007417	上位词	syn_014899
syn_016916	整体词	syn_007181
syn_001168	反义词	syn_009384
syn_009863	反义词	syn_009864
syn_008670	整体词	syn_004001
syn_005071	上位词	syn_015602
syn_016665	上位词	syn_000733
syn_017769	反义词	syn_017726
syn_001602	反义词	syn_001599
syn_002221	上位词	syn_002127
syn_003208	上位词	syn_003207
syn_012035	反义词	syn_012034
syn_001129	反义词	syn_001130
syn_002454	反义词	syn_003993
syn_013142	上位词	syn_015049
syn_000717	上位词	syn_000733
syn_004742	整体词	syn_002023
syn_019556	上位词	syn_000733
syn_009824	反义词	syn_009823
syn_007283	反义词	syn_001341
syn_013020	整体词	syn_002205
syn_007646	上位词	syn_002473
syn_000233	整体词	syn_015262
syn_012741	上位词	syn_012739
syn_011565	上位词	syn_006272
syn_008023	上位词	syn_001999
syn_019158	上位词	syn_002197
syn_009800	上位词	syn_001202
syn_017256	反义词	syn_017257
syn_002241	上位词	syn_007989
syn_001543	反义词	syn_010073
syn_006399	反义词	syn_000449
syn_004386	上位词	syn_004715
syn_006062	上位词	syn_002468
syn_019825	反义词	syn_019824
syn_005560	反义词	syn_000231
syn_014554	上位词	syn_008289
syn_008507	上位词	syn_002645
syn_012198	反义词	syn_012199
syn_000228	反义词	syn_000229
syn_015785	上位词	syn_015820
syn_017723	反义词	syn_017308
syn_013450	上位词	syn_015434
syn_016725	上位词	syn_002495
syn_007813	上位词	syn_005882
syn_005527	上位词	syn_012794
syn_002159	反义词	syn_002160
syn_003530	反义词	syn_017653
syn_019232	上位词	syn_012135
syn_008019	整体词	syn_002645
syn_007989	上位词	syn_015423
syn_002111	上位词	syn_016850
syn_009633	上位词	syn_000995
syn_009982	上位词	syn_001224
syn_019908	反义词	syn_019909
syn_001171	反义词	syn_011451
syn_009682	反义词	syn_009117
syn_018125	上位词	syn_018124
syn_019148	上位词	syn_002319
syn_015759	上位词	syn_002097
syn_019961	上位词	syn_004612
syn_007480	上位词	syn_007417
syn_015822	上位词	syn_015824
syn_014857	上位词	syn_012477
syn_010187	上位词	syn_002714
syn_019202	上位词	syn_001946
syn_005782	上位词	syn_005071
syn_002264	上位词	syn_002127
syn_008688	上位词	syn_001763
syn_016333	上位词	syn_001950
syn_010420	反义词	syn_002605
syn_002479	整体词	syn_002071
syn_003313	上位词	syn_000578
syn_008298	上位词	syn_000833
syn_013145	上位词	syn_015051
syn_002084	上位词	syn_002501
syn_000704	上位词	syn_002023
syn_018731	上位词	syn_005604
syn_010497	反义词	syn_001388
syn_005488	上位词	syn_002521
syn_006627	整体词	syn_002495
syn_014449	上位词	syn_011698
syn_018623	上位词	syn_005604
syn_008865	上位词	syn_001942
syn_002562	反义词	syn_002563
syn_012838	反义词	syn_001862
syn_002059	整体词	syn_016358
syn_002649	上位词	syn_012683
syn_003731	上位词	syn_005604
syn_018206	上位词	syn_005604
syn_010151	反义词	syn_010164
syn_007392	上位词	syn_004984
syn_014665	上位词	syn_005926
syn_001238	反义词	syn_000671
syn_011605	反义词	syn_011604
syn_004445	上位词	syn_007772
syn_001000	上位词	syn_003228
syn_012166	反义词	syn_012173
syn_018919	整体词	syn_002135
syn_002093	上位词	syn_004612
syn_000211	上位词	syn_003075
syn_008760	上位词	syn_002686
syn_010293	反义词	syn_001252
syn_007733	反义词	syn_000247
syn_003766	上位词	syn_005604
syn_015033	上位词	syn_011934
syn_008122	上位词	syn_019181
syn_015648	上位词	syn_002068
syn_012840	上位词	syn_005604
syn_010304	上位词	syn_008634
syn_010501	反义词	syn_010058
syn_008788	上位词	syn_016247
syn_008059	上位词	syn_015630
syn_018299	上位词	syn_005604
syn_009123	反义词	syn_011463
syn_001480	反义词	syn_001482
syn_001490	反义词	syn_010829
syn_010616	反义词	syn_001397
syn_010497	反义词	syn_001387
syn_014805	上位词	syn_002134
syn_002032	上位词	syn_002319
syn_009215	反义词	syn_010611
syn_018753	上位词	syn_005604
syn_002443	反义词	syn_014701
syn_001264	上位词	syn_011857
syn_005167	上位词	syn_007797
syn_008478	上位词	syn_016945
syn_002276	上位词	syn_002645
syn_016070	上位词	syn_002317
syn_000747	上位词	syn_019345
syn_010431	反义词	syn_001397
syn_007859	上位词	syn_008180
syn_000264	上位词	syn_002023
syn_018660	整体词	syn_018666
syn_008156	上位词	syn_019181
syn_005967	反义词	syn_007376
syn_011454	上位词	syn_000018
syn_003673	反义词	syn_003655
syn_002544	上位词	syn_015820
syn_000929	上位词	syn_002645
syn_016596	整体词	syn_002645
syn_009060	上位词	syn_000493
syn_011620	上位词	syn_001946
syn_004976	上位词	syn_002308
syn_019914	上位词	syn_007487
syn_015546	反义词	syn_015547
syn_011932	上位词	syn_017264
syn_002198	上位词	syn_015451
syn_008586	上位词	syn_005882
syn_007321	上位词	syn_004214
syn_009725	反义词	syn_001250
syn_007201	上位词	syn_000022
syn_007283	反义词	syn_001217
syn_019809	上位词	syn_002614
syn_012460	上位词	syn_019348
syn_019730	反义词	syn_006416
syn_001850	反义词	syn_001318
syn_006296	上位词	syn_002068
syn_013272	上位词	syn_001942
syn_010594	反义词	syn_010590
syn_002053	上位词	syn_002624
syn_012745	上位词	syn_002645
syn_003736	上位词	syn_005604
syn_007103	上位词	syn_007181
syn_012393	上位词	syn_002127
syn_001127	反义词	syn_001128
syn_007344	上位词	syn_012477
syn_002506	上位词	syn_002473
syn_002920	反义词	syn_001318
syn_001993	上位词	syn_001999
syn_002684	整体词	syn_002344
syn_015398	上位词	syn_005882
syn_018919	上位词	syn_002127
syn_018404	上位词	syn_005604
syn_013096	上位词	syn_013254
syn_002481	反义词	syn_014275
syn_006398	反义词	syn_006397
syn_008322	上位词	syn_019374
syn_002200	上位词	syn_019232
syn_012252	上位词	syn_016706
syn_015630	上位词	syn_005882
syn_007213	上位词	syn_000606
syn_008110	上位词	syn_001946
syn_012660	反义词	syn_012661
syn_018399	上位词	syn_005604
syn_008858	上位词	syn_012973
syn_003096	反义词	syn_015207
syn_005553	上位词	syn_002023
syn_010372	上位词	syn_010408
syn_010380	反义词	syn_010254
syn_007470	反义词	syn_007469
syn_003275	反义词	syn_011020
syn_009248	反义词	syn_009249
syn_011681	上位词	syn_018169
syn_000732	上位词	syn_002023
syn_001259	上位词	syn_000995
syn_007328	上位词	syn_012477
syn_010442	反义词	syn_001355
syn_001462	反义词	syn_009375
syn_006229	上位词	syn_002023
syn_010581	反义词	syn_010582
syn_002587	上位词	syn_008168
syn_005530	整体词	syn_007356
syn_001434	反义词	syn_001435
syn_015380	上位词	syn_002023
syn_017047	上位词	syn_015108
syn_001475	反义词	syn_010759
syn_018709	上位词	syn_005604
syn_017127	上位词	syn_004800
syn_012263	上位词	syn_015398
syn_001419	反义词	syn_001420
syn_013084	整体词	syn_017185
syn_007688	上位词	syn_002561
syn_010501	反义词	syn_010395
syn_018417	上位词	syn_005604
syn_014145	上位词	syn_002645
syn_001418	反义词	syn_001195
syn_003211	反义词	syn_015860
syn_012283	上位词	syn_018798
syn_009200	反义词	syn_001135
syn_011310	反义词	syn_011311
syn_019003	反义词	syn_004242
syn_009165	反义词	syn_001351
syn_005533	上位词	syn_002023
syn_012969	上位词	syn_019002
syn_003755	上位词	syn_005604
syn_002346	上位词	syn_006889
syn_008853	整体词	syn_005544
syn_005235	整体词	syn_002561
syn_019041	反义词	syn_002644
syn_012940	上位词	syn_014866
syn_000235	反义词	syn_000234
syn_012448	上位词	syn_000356
syn_010677	反义词	syn_001457
syn_001318	反义词	syn_001850
syn_017131	上位词	syn_017130
syn_002150	上位词	syn_015630
syn_011451	反义词	syn_001171
syn_018393	上位词	syn_005604
syn_009080	上位词	syn_002097
syn_008761	整体词	syn_002645
syn_018476	上位词	syn_005604
syn_001567	反义词	syn_011244
syn_009656	反义词	syn_001313
syn_012643	反义词	syn_012642
syn_002935	上位词	syn_001503
syn_001896	上位词	syn_000733
syn_018421	上位词	syn_005604
syn_019502	上位词	syn_005972
syn_018500	上位词	syn_005604
syn_019477	上位词	syn_005604
syn_002076	反义词	syn_006948
syn_002066	上位词	syn_002501
syn_015204	上位词	syn_007417
syn_006722	上位词	syn_002645
syn_014780	上位词	syn_002023
syn_002164	反义词	syn_002163
syn_014897	上位词	syn_002587
syn_015393	上位词	syn_000733
syn_009114	反义词	syn_001174
syn_014660	上位词	syn_001988
syn_003711	上位词	syn_005604
syn_015201	上位词	syn_019181
syn_002572	上位词	syn_015398
syn_016522	整体词	syn_005925
syn_011503	反义词	syn_011487
syn_007818	上位词	syn_002127
syn_004172	上位词	syn_002031
syn_001279	反义词	syn_001280
syn_019848	整体词	syn_002645
syn_018042	上位词	syn_002157
syn_001224	上位词	syn_001224
syn_006076	上位词	syn_001946
syn_019106	整体词	syn_019104
syn_000695	上位词	syn_000733
syn_013356	上位词	syn_007417
syn_008009	反义词	syn_002656
syn_002301	上位词	syn_002319
syn_009410	反义词	syn_009421
syn_002275	上位词	syn_015630
syn_008801	整体词	syn_007414
syn_009447	反义词	syn_009448
syn_001616	反义词	syn_011464
syn_010187	上位词	syn_007210
syn_005089	上位词	syn_015304
syn_000388	反义词	syn_005995
syn_005290	上位词	syn_002184
syn_018051	上位词	syn_002645
syn_001453	反义词	syn_010663
syn_003972	反义词	syn_003971
syn_019495	上位词	syn_002521
syn_011563	上位词	syn_007417
syn_007383	整体词	syn_002319
syn_002105	上位词	syn_016850
syn_012969	上位词	syn_012135
syn_016916	整体词	syn_002645
syn_000261	整体词	syn_002466
syn_009821	反义词	syn_011293
syn_004162	上位词	syn_018127
syn_003703	上位词	syn_005604
syn_019002	上位词	syn_012135
syn_013115	上位词	syn_007846
syn_000713	上位词	syn_000733
syn_008140	上位词	syn_000788
syn_013147	上位词	syn_015051
syn_007763	上位词	syn_016148
syn_014015	上位词	syn_002035
syn_014873	上位词	syn_016627
syn_016638	反义词	syn_003862
syn_004128	上位词	syn_006272
syn_018306	上位词	syn_005604
syn_018665	上位词	syn_005604
syn_007484	上位词	syn_000472
syn_000257	反义词	syn_000256
syn_005369	上位词	syn_000920
syn_018218	上位词	syn_005604
syn_010678	反义词	syn_001459
syn_016916	整体词	syn_002583
syn_003643	上位词	syn_004863
syn_013863	上位词	syn_002087
syn_002327	上位词	syn_015304
syn_007610	上位词	syn_004717
syn_006433	上位词	syn_002501
syn_004800	上位词	syn_004813
syn_000272	反义词	syn_000233
syn_007802	上位词	syn_019345
syn_015661	上位词	syn_011700
syn_004370	上位词	syn_002023
syn_011532	上位词	syn_008634
syn_006646	整体词	syn_002344
syn_016465	上位词	syn_004717
syn_014903	反义词	syn_014904
syn_018813	上位词	syn_005604
syn_014791	上位词	syn_002134
syn_000261	上位词	syn_000733
syn_002175	反义词	syn_006947
syn_001850	反义词	syn_001849
syn_014899	上位词	syn_008168
syn_018461	上位词	syn_005604
syn_018200	上位词	syn_005604
syn_007333	上位词	syn_012477
syn_009394	反义词	syn_001535
syn_015111	上位词	syn_001784
syn_007822	上位词	syn_007818
syn_003562	反义词	syn_017949
syn_015547	反义词	syn_015546
syn_009663	上位词	syn_001224
syn_019204	上位词	syn_002023
syn_009146	反义词	syn_010145
syn_010737	反义词	syn_010710
syn_016568	上位词	syn_002068
syn_001465	反义词	syn_010707
syn_010484	上位词	syn_008634
syn_000672	反义词	syn_000671
syn_007729	上位词	syn_012794
syn_017654	上位词	syn_003544
syn_000449	反义词	syn_006399
syn_001356	反义词	syn_010550
syn_019825	反义词	syn_004793
syn_018617	上位词	syn_005604
syn_005029	上位词	syn_000122
syn_017037	上位词	syn_008067
syn_010487	反义词	syn_010486
syn_008236	上位词	syn_003281
syn_010842	反义词	syn_010841
syn_011440	反义词	syn_010575
syn_018853	上位词	syn_018169
syn_007104	上位词	syn_002068
syn_002619	上位词	syn_002309
syn_008484	上位词	syn_002102
syn_018029	反义词	syn_018028
syn_001218	上位词	syn_009613
syn_002239	上位词	syn_006564
syn_012994	反义词	syn_019718
syn_002686	上位词	syn_015820
syn_002648	反义词	syn_019137
syn_015832	反义词	syn_003163
syn_013100	上位词	syn_013254
syn_019469	上位词	syn_015275
syn_016193	上位词	syn_002127
syn_001359	反义词	syn_010266
syn_000232	整体词	syn_002466
syn_000016	反义词	syn_003317
syn_001482	反义词	syn_001480
syn_018666	整体词	syn_001659
syn_001128	反义词	syn_001127
syn_014348	上位词	syn_005078
syn_008831	反义词	syn_008832
syn_016811	上位词	syn_002645
syn_013149	上位词	syn_015051
syn_000678	上位词	syn_004715
syn_010838	反义词	syn_010839
syn_010874	反义词	syn_010875
syn_010752	反义词	syn_010753
syn_001944	上位词	syn_018022
syn_009505	反义词	syn_009504
syn_018681	上位词	syn_005604
syn_000916	上位词	syn_001958
syn_018366	上位词	syn_005604
syn_011782	上位词	syn_001668
syn_010667	反义词	syn_010668
syn_012906	上位词	syn_015451
syn_017124	上位词	syn_007772
syn_001937	反义词	syn_013306
syn_007049	上位词	syn_008180
syn_000051	上位词	syn_005620
syn_004554	上位词	syn_002035
syn_001387	反义词	syn_001388
syn_005574	上位词	syn_015124
syn_005862	上位词	syn_002023
syn_005526	上位词	syn_012794
syn_014705	上位词	syn_015472
syn_004163	上位词	syn_018127
syn_009894	反义词	syn_009893
syn_019393	反义词	syn_013009
syn_001455	反义词	syn_001452
syn_009371	反义词	syn_009375
syn_011401	反义词	syn_011402
syn_011754	上位词	syn_000651
syn_000280	反义词	syn_000281
syn_002680	上位词	syn_015398
syn_000603	上位词	syn_009613
syn_004609	反义词	syn_001932
syn_004478	上位词	syn_015630
syn_000750	上位词	syn_000733
syn_010436	反义词	syn_010409
syn_009636	上位词	syn_001224
syn_010707	反义词	syn_001465
syn_000298	反义词	syn_005713
syn_010298	反义词	syn_010432
syn_016661	上位词	syn_005071
syn_002502	上位词	syn_002327
syn_008483	上位词	syn_016247
syn_002026	整体词	syn_013263
syn_016412	反义词	syn_016413
syn_002645	上位词	syn_002068
syn_019304	反义词	syn_005622
syn_017243	整体词	syn_014897
syn_000621	上位词	syn_001224
syn_007813	反义词	syn_013004
syn_015740	上位词	syn_012392
syn_011975	上位词	syn_015273
syn_015644	上位词	syn_002319
syn_006203	上位词	syn_016945
syn_006400	反义词	syn_006401
syn_005059	上位词	syn_016670
syn_002189	反义词	syn_002278
syn_011901	上位词	syn_005604
syn_009759	反义词	syn_009759
syn_016202	上位词	syn_015304
syn_015623	上位词	syn_002583
syn_001216	反义词	syn_007268
syn_010272	反义词	syn_001362
syn_002932	反义词	syn_014165
syn_010371	反义词	syn_010372
syn_007327	上位词	syn_012477
syn_002153	上位词	syn_007989
syn_006184	上位词	syn_002023
syn_005325	上位词	syn_015820
syn_004657	上位词	syn_004304
syn_007847	上位词	syn_019181
syn_008825	上位词	syn_012490
syn_013601	上位词	syn_002031
syn_008533	上位词	syn_002645
syn_017257	反义词	syn_017256
syn_007019	反义词	syn_013740
syn_009612	上位词	syn_001224
syn_008793	上位词	syn_012794
syn_011692	上位词	syn_002127
syn_001703	上位词	syn_012037
syn_001585	反义词	syn_009532
syn_018627	上位词	syn_005604
syn_002319	上位词	syn_012135
syn_019436	反义词	syn_008843
syn_013279	上位词	syn_012477
syn_017229	上位词	syn_017264
syn_016389	上位词	syn_002649
syn_001202	反义词	syn_009563
syn_014835	上位词	syn_002134
syn_000254	反义词	syn_000255
syn_019897	上位词	syn_005604
syn_000083	反义词	syn_004861
syn_002047	上位词	syn_015711
syn_007359	上位词	syn_012477
syn_002865	上位词	syn_008523
syn_004787	上位词	syn_002232
syn_018086	上位词	syn_006272
syn_016489	上位词	syn_002023
syn_011525	反义词	syn_011526
syn_016656	上位词	syn_016650
syn_018565	上位词	syn_005604
syn_018792	上位词	syn_001942
syn_005226	上位词	syn_019345
syn_019439	上位词	syn_002023
syn_019252	上位词	syn_002023
syn_010870	反义词	syn_001496
syn_016345	上位词	syn_012683
syn_019672	上位词	syn_007945
syn_015978	上位词	syn_003880
syn_001386	反义词	syn_009898
syn_010569	反义词	syn_010568
syn_018116	上位词	syn_016345
syn_018595	上位词	syn_018602
syn_002686	上位词	syn_002501
syn_003746	整体词	syn_001987
syn_009196	反义词	syn_001321
syn_004681	上位词	syn_019181
syn_014180	上位词	syn_002645
syn_000947	上位词	syn_008067
syn_006899	上位词	syn_012390
syn_011546	反义词	syn_001629
syn_009116	反义词	syn_009418
syn_018183	上位词	syn_005604
syn_001599	反义词	syn_001401
syn_013021	上位词	syn_019181
syn_016337	上位词	syn_015711
syn_002915	上位词	syn_015264
syn_010573	反义词	syn_001429
syn_012677	上位词	syn_005071
syn_005517	上位词	syn_002023
syn_006607	整体词	syn_002051
syn_000752	上位词	syn_000751
syn_013108	上位词	syn_006889
syn_010246	反义词	syn_010245
syn_001229	上位词	syn_001224
syn_014898	上位词	syn_002587
syn_009763	反义词	syn_009762
syn_018268	上位词	syn_005604
syn_001371	反义词	syn_002811
syn_018467	上位词	syn_005604
syn_015231	上位词	syn_015640
syn_014643	反义词	syn_014644
syn_000918	上位词	syn_000911
syn_004113	上位词	syn_002023
syn_002042	上位词	syn_002157
syn_016497	上位词	syn_002127
syn_019068	整体词	syn_007181
syn_014723	上位词	syn_002023
syn_012883	上位词	syn_018963
syn_004715	上位词	syn_002023
syn_018099	上位词	syn_007181
syn_019060	上位词	syn_002068
syn_010194	反义词	syn_010625
syn_012519	上位词	syn_006272
syn_005534	上位词	syn_002023
syn_018069	上位词	syn_006870
syn_006162	上位词	syn_002068
syn_019137	反义词	syn_002648
syn_004937	上位词	syn_000102
syn_005315	上位词	syn_011563
syn_002500	上位词	syn_016247
syn_018687	上位词	syn_005604
syn_010580	反义词	syn_001433
syn_018725	上位词	syn_005604
syn_000786	上位词	syn_008123
syn_005343	上位词	syn_002501
syn_018919	上位词	syn_011698
syn_015423	上位词	syn_004765
syn_010956	反义词	syn_001508
syn_005211	上位词	syn_002319
syn_001862	反义词	syn_012838
syn_014837	上位词	syn_002134
syn_004447	上位词	syn_007772
syn_011425	反义词	syn_001603
syn_018479	上位词	syn_005604
syn_018265	上位词	syn_005604
syn_005180	上位词	syn_005181
syn_007063	整体词	syn_015729
syn_018044	上位词	syn_002023
syn_016389	上位词	syn_004056
syn_000940	上位词	syn_002134
syn_008834	上位词	syn_018068
syn_016627	上位词	syn_015630
syn_000241	上位词	syn_015489
syn_019824	反义词	syn_019825
syn_011485	反义词	syn_011486
syn_002516	上位词	syn_006272
syn_005912	上位词	syn_006866
syn_006294	上位词	syn_001943
syn_015489	上位词	syn_002466
syn_010663	反义词	syn_001453
syn_007039	上位词	syn_005071
syn_007438	上位词	syn_004717
syn_002028	上位词	syn_004775
syn_003940	反义词	syn_000837
syn_004984	上位词	syn_015602
syn_000692	上位词	syn_012477
syn_000338	反义词	syn_005702
syn_006358	上位词	syn_005071
syn_001341	反义词	syn_011091
syn_006277	上位词	syn_018169
syn_006665	上位词	syn_007417
syn_018515	上位词	syn_005604
syn_008087	上位词	syn_019181
syn_001248	反义词	syn_010272
syn_000694	上位词	syn_019345
syn_002493	上位词	syn_002565
syn_007376	反义词	syn_005967
syn_012845	上位词	syn_005604
syn_018385	上位词	syn_005604
syn_016977	上位词	syn_015398
syn_006646	上位词	syn_015711
syn_007024	上位词	syn_006870
syn_015746	上位词	syn_019690
syn_000297	反义词	syn_005714
syn_001544	反义词	syn_011127
syn_014884	上位词	syn_004534
syn_010207	反义词	syn_010206
syn_001910	整体词	syn_002344
syn_009564	反义词	syn_009565
syn_002331	反义词	syn_012880
syn_018520	上位词	syn_005604
syn_002363	上位词	syn_019345
syn_003739	上位词	syn_005604
syn_006949	上位词	syn_004717
syn_007462	上位词	syn_006940
syn_010395	反义词	syn_010501
syn_016951	上位词	syn_006850
syn_002158	上位词	syn_002019
syn_009822	反义词	syn_011292
syn_002920	反义词	syn_001849
syn_000745	上位词	syn_001942
syn_007441	上位词	syn_005926
syn_011099	反义词	syn_001342
syn_000478	上位词	syn_000469
syn_001627	反义词	syn_011545
syn_004449	上位词	syn_007772
syn_019718	反义词	syn_012994
syn_009374	反义词	syn_001462
syn_010269	反义词	syn_010268
syn_019885	上位词	syn_019181
syn_019264	上位词	syn_001942
syn_006392	上位词	syn_007557
syn_004348	上位词	syn_015820
syn_000223	上位词	syn_000733
syn_011545	反义词	syn_001627
syn_018028	反义词	syn_018029
syn_013306	反义词	syn_001937
syn_007364	上位词	syn_012477
syn_005092	上位词	syn_015418
syn_002177	反义词	syn_002176
syn_006435	上位词	syn_006171
syn_014043	上位词	syn_014495
syn_006278	上位词	syn_000733
syn_016800	整体词	syn_007356
syn_012854	上位词	syn_015423
syn_004765	上位词	syn_002036
syn_019128	上位词	syn_006272
syn_002368	反义词	syn_002369
syn_007298	上位词	syn_018022
syn_006614	上位词	syn_004712
syn_010095	反义词	syn_001834
syn_003344	上位词	syn_015275
syn_018412	上位词	syn_005604
syn_002644	反义词	syn_019041
syn_010704	反义词	syn_015275
syn_013146	上位词	syn_013147
syn_001135	反义词	syn_009200
syn_001264	上位词	syn_000995
syn_007772	上位词	syn_016148
syn_016967	整体词	syn_000688
syn_013113	上位词	syn_006889
syn_019574	上位词	syn_018023
syn_002090	上位词	syn_001996
syn_001250	反义词	syn_009725
syn_008653	上位词	syn_004717
syn_001217	反义词	syn_009647
syn_000279	反义词	syn_000245
syn_002163	反义词	syn_002291
syn_016806	上位词	syn_019232
syn_000268	反义词	syn_000269
syn_018089	上位词	syn_002008
syn_002184	上位词	syn_002035
syn_011661	上位词	syn_011660
syn_010114	反义词	syn_010113
syn_004678	上位词	syn_012477
syn_008811	上位词	syn_016148
syn_017149	上位词	syn_006889
syn_006600	整体词	syn_002645
syn_019782	上位词	syn_001224
syn_009415	反义词	syn_001114
syn_019559	上位词	syn_005604
syn_007945	上位词	syn_000733
syn_019555	上位词	syn_000733
syn_007469	反义词	syn_007470
syn_005703	上位词	syn_010282
syn_004381	上位词	syn_004715
syn_006342	上位词	syn_005071
syn_014254	反义词	syn_014253
syn_009632	上位词	syn_002097
syn_007325	上位词	syn_012477
syn_002309	上位词	syn_015113
syn_011731	反义词	syn_000804
syn_007818	上位词	syn_002561
syn_011892	上位词	syn_005604
syn_002720	上位词	syn_002719
syn_001252	反义词	syn_010293
syn_007403	上位词	syn_018022
syn_000324	上位词	syn_000324
syn_017166	上位词	syn_004715
syn_014410	上位词	syn_004813
syn_018574	上位词	syn_005604
syn_018459	上位词	syn_005604
syn_004987	上位词	syn_016247
syn_018439	上位词	syn_005604
syn_002068	上位词	syn_002587
syn_002277	上位词	syn_004717
syn_004948	上位词	syn_008653
syn_008740	反义词	syn_008741
syn_010254	反义词	syn_010380
syn_006600	整体词	syn_002583
syn_000705	上位词	syn_000733
syn_000291	反义词	syn_005715
syn_018022	上位词	syn_002036
syn_014913	上位词	syn_006266
syn_009117	反义词	syn_009682
syn_016076	上位词	syn_003219
syn_002689	上位词	syn_005604
syn_008009	反义词	syn_008010
syn_014067	上位词	syn_016247
syn_001651	反义词	syn_001650
syn_009375	反义词	syn_001462
syn_018211	上位词	syn_005604
syn_015307	上位词	syn_015304
syn_007113	上位词	syn_007181
syn_017205	上位词	syn_004821
syn_014886	上位词	syn_014885
syn_019100	整体词	syn_019101
syn_003747	上位词	syn_005604
syn_014661	上位词	syn_005412
syn_001650	反义词	syn_001651
syn_004019	上位词	syn_012477
syn_011418	反义词	syn_001600
syn_006871	上位词	syn_002182
syn_005088	上位词	syn_016670
syn_015221	反义词	syn_015223
syn_010751	反义词	syn_010750
syn_015812	上位词	syn_008821
syn_000180	上位词	syn_000178
syn_007630	上位词	syn_000159
syn_019889	上位词	syn_001988
syn_007323	上位词	syn_000733
syn_002934	反义词	syn_002933
syn_015183	反义词	syn_001695
syn_006396	反义词	syn_000448
syn_006600	整体词	syn_007181
syn_004723	上位词	syn_002972
syn_012251	上位词	syn_019181
syn_000268	整体词	syn_002466
syn_019941	整体词	syn_002583
syn_004886	上位词	syn_000709
syn_009418	反义词	syn_009116
syn_002079	反义词	syn_006951
syn_010750	反义词	syn_010751
syn_002473	上位词	syn_002035
syn_010753	反义词	syn_010752
syn_015147	上位词	syn_002646
syn_001338	反义词	syn_010629
syn_001542	反义词	syn_011265
syn_009713	反义词	syn_001242
syn_002566	上位词	syn_002103
syn_013841	反义词	syn_000247
syn_009380	反义词	syn_001167
syn_004361	上位词	syn_015630
syn_010266	反义词	syn_001359
syn_016803	上位词	syn_002645
syn_017147	反义词	syn_002605
syn_010106	反义词	syn_010102
syn_005248	上位词	syn_007713
syn_000741	上位词	syn_002023
syn_007741	上位词	syn_002023
syn_000820	上位词	syn_000510
syn_017367	反义词	syn_003422
syn_003431	反义词	syn_003360
syn_004486	上位词	syn_002636
syn_014120	上位词	syn_014119
syn_004913	上位词	syn_004912
syn_000014	反义词	syn_000226
syn_003304	反义词	syn_007672
syn_014814	上位词	syn_002134
syn_002240	上位词	syn_001942
syn_002052	整体词	syn_002051
syn_001276	反义词	syn_001277
syn_002643	上位词	syn_019232
syn_001239	上位词	syn_001238
syn_002031	上位词	syn_001943
syn_001235	反义词	syn_009706
syn_001496	反义词	syn_010870
syn_000267	上位词	syn_000733
syn_001360	反义词	syn_000653
syn_019896	上位词	syn_011563
syn_004375	整体词	syn_000698
syn_008180	上位词	syn_004813
syn_001552	反义词	syn_011243
syn_010723	反义词	syn_010722
syn_002051	整体词	syn_002583
syn_004886	上位词	syn_000092
syn_000758	反义词	syn_000311
syn_005620	上位词	syn_004821
syn_012214	上位词	syn_004946
syn_003753	上位词	syn_005604
syn_011467	反义词	syn_001197
syn_001114	反义词	syn_009415
syn_002126	上位词	syn_002473
syn_016144	上位词	syn_002358
syn_006627	整体词	syn_002445
syn_011572	上位词	syn_011563
syn_012923	上位词	syn_002024
syn_011502	反义词	syn_011501
syn_006894	上位词	syn_019232
syn_005715	反义词	syn_000291
syn_019752	上位词	syn_005604
syn_019564	上位词	syn_005604
syn_012742	上位词	syn_012739
syn_004861	反义词	syn_000083
syn_014781	上位词	syn_002023
syn_002175	反义词	syn_008583
syn_012342	上位词	syn_006272
syn_005483	上位词	syn_016052
syn_017238	上位词	syn_014906
syn_003345	上位词	syn_008192
syn_001177	反义词	syn_001181
syn_002133	上位词	syn_019345
syn_014076	上位词	syn_000482
syn_010172	反义词	syn_010624
syn_013115	上位词	syn_006889
syn_008068	上位词	syn_002127
syn_014552	反义词	syn_014216
syn_003372	反义词	syn_017906
syn_015436	上位词	syn_018169
syn_002533	上位词	syn_006272
syn_001420	反义词	syn_001419
syn_016893	上位词	syn_006889
syn_003838	反义词	syn_015251
syn_014872	上位词	syn_019181
syn_018397	上位词	syn_005604
syn_019046	上位词	syn_003332
syn_016487	上位词	syn_002023
syn_012036	上位词	syn_000199
syn_012921	上位词	syn_015820
syn_005926	上位词	syn_004821
syn_019696	整体词	syn_002583
syn_019105	整体词	syn_000747
syn_017916	反义词	syn_000583
syn_003317	反义词	syn_000016
syn_002326	整体词	syn_002537
syn_014165	反义词	syn_002932
syn_015870	上位词	syn_015820
syn_005362	上位词	syn_011700
syn_003415	反义词	syn_017383
syn_011184	反义词	syn_011183
syn_010187	上位词	syn_001340
syn_002066	上位词	syn_015820
syn_000725	上位词	syn_019345
syn_008851	上位词	syn_004715
syn_012144	上位词	syn_001732
syn_007825	上位词	syn_002229
syn_018434	上位词	syn_005604
syn_001195	反义词	syn_009498
syn_005172	上位词	syn_007612
syn_014911	上位词	syn_015304
syn_006691	上位词	syn_002645
syn_017169	上位词	syn_016670
syn_007112	上位词	syn_002068
syn_010073	反义词	syn_001543
syn_007972	上位词	syn_017182
syn_000784	上位词	syn_001763
syn_002047	整体词	syn_002583
syn_013760	上位词	syn_001000
syn_009664	反义词	syn_001580
syn_010655	反义词	syn_010654
syn_003719	上位词	syn_005604
syn_010660	上位词	syn_008634
syn_000671	反义词	syn_001238
syn_011882	上位词	syn_004717
syn_000247	反义词	syn_013841
syn_002461	上位词	syn_004717
syn_002291	反义词	syn_002163
syn_010625	反义词	syn_010194
syn_003855	反义词	syn_001533
syn_018976	反义词	syn_018977
syn_008552	反义词	syn_008553
syn_008798	反义词	syn_008799
syn_016972	上位词	syn_016512
syn_007625	上位词	syn_006850
syn_001963	上位词	syn_001930
syn_003630	上位词	syn_003923
syn_002343	上位词	syn_002319
syn_005525	上位词	syn_002023
syn_001005	上位词	syn_001003
syn_015540	反义词	syn_015291
syn_008503	上位词	syn_001942
syn_011235	反义词	syn_011236
syn_014524	反义词	syn_018833
syn_000804	反义词	syn_011731
syn_002115	上位词	syn_006272
syn_015119	上位词	syn_005620
syn_013813	反义词	syn_007019
syn_003422	反义词	syn_017367
syn_018506	上位词	syn_005604
syn_007827	上位词	syn_006870
syn_004297	上位词	syn_011698
syn_000948	整体词	syn_004260
syn_001270	上位词	syn_001224
syn_019799	上位词	syn_005604
syn_000258	上位词	syn_000733
syn_002354	上位词	syn_006889
syn_011236	反义词	syn_011235
syn_010996	反义词	syn_010995
syn_002073	上位词	syn_004717
syn_006653	上位词	syn_004821
syn_014005	反义词	syn_014007
syn_017041	上位词	syn_015292
syn_004130	上位词	syn_002319
syn_019887	上位词	syn_004715
syn_001943	上位词	syn_004765
syn_007511	反义词	syn_002585
syn_010124	反义词	syn_009139
syn_010829	反义词	syn_001490
syn_010505	反义词	syn_011105
syn_005406	上位词	syn_002319
syn_002207	上位词	syn_002645
syn_007822	上位词	syn_002127
syn_009649	上位词	syn_001303
syn_007862	反义词	syn_013012
syn_017264	上位词	syn_012135
syn_012225	上位词	syn_006272
syn_000012	上位词	syn_009613
syn_010077	上位词	syn_001224
syn_007111	上位词	syn_002068
syn_000228	上位词	syn_002466
syn_015275	反义词	syn_010704
syn_009639	上位词	syn_009613
syn_009643	上位词	syn_001224
syn_009826	反义词	syn_001355
syn_013605	上位词	syn_002649
syn_019369	上位词	syn_000813
syn_015086	上位词	syn_004821
syn_018445	上位词	syn_005604
syn_002663	上位词	syn_002023
syn_018432	上位词	syn_005604
syn_005213	上位词	syn_004821
syn_001470	反义词	syn_010735
syn_012477	上位词	syn_005882
syn_002591	上位词	syn_019181
syn_019390	上位词	syn_019345
syn_019151	上位词	syn_016416
syn_012393	上位词	syn_002581
syn_006726	上位词	syn_000673
syn_012781	上位词	syn_014901
syn_012381	上位词	syn_012392
syn_008815	上位词	syn_008492
syn_018466	上位词	syn_005604
syn_015214	上位词	syn_002068
syn_007089	上位词	syn_000733
syn_001599	反义词	syn_001602
syn_006714	上位词	syn_002645
syn_019905	上位词	syn_001942
syn_019103	整体词	syn_000920
syn_007654	反义词	syn_000670
syn_002237	反义词	syn_002238
syn_002528	上位词	syn_019232
syn_007098	上位词	syn_007181
syn_015280	整体词	syn_002466
syn_014820	上位词	syn_002134
syn_006947	反义词	syn_002175
syn_000248	反义词	syn_013740
syn_019694	反义词	syn_019702
syn_002561	上位词	syn_002645
syn_002177	上位词	syn_004717
syn_016457	反义词	syn_016458
syn_016458	反义词	syn_016457
syn_013012	反义词	syn_007862
syn_003757	上位词	syn_005604
syn_011402	反义词	syn_011401
syn_017279	反义词	syn_017280
syn_004015	上位词	syn_005882
syn_007331	上位词	syn_012477
syn_014802	上位词	syn_002134
syn_000320	反义词	syn_000323
syn_000121	上位词	syn_000121
syn_012002	反义词	syn_012188
syn_001537	反义词	syn_001536
syn_011463	反义词	syn_009123
syn_010703	反义词	syn_001464
syn_003107	反义词	syn_000220
syn_016521	上位词	syn_014728
syn_015266	反义词	syn_015267
syn_002308	上位词	syn_002127
syn_014966	上位词	syn_000959
syn_003990	上位词	syn_000067
syn_011774	上位词	syn_002102
syn_017744	反义词	syn_017902
syn_010995	反义词	syn_010996
syn_013159	上位词	syn_013322
syn_014912	上位词	syn_015304
syn_014904	反义词	syn_014903
syn_002636	上位词	syn_006866
syn_008624	反义词	syn_008623
syn_016318	反义词	syn_001998
syn_004453	上位词	syn_007772
syn_002581	上位词	syn_002645
syn_004214	上位词	syn_002501
syn_016268	上位词	syn_015630
syn_014901	上位词	syn_002027
syn_019562	上位词	syn_005604
syn_000719	上位词	syn_000733
syn_007483	上位词	syn_019344
syn_009439	反义词	syn_009169
syn_018169	上位词	syn_004775
syn_016094	上位词	syn_016052
syn_004089	上位词	syn_016670
syn_007335	整体词	syn_004260
syn_000226	上位词	syn_002466
syn_010673	上位词	syn_002937
syn_014831	上位词	syn_002134
syn_018531	上位词	syn_005604
syn_006627	整体词	syn_007181
syn_018643	上位词	syn_017270
syn_004889	反义词	syn_004915
syn_004812	上位词	syn_007290
syn_018045	上位词	syn_005071
syn_014808	上位词	syn_002134
syn_003256	反义词	syn_004250
syn_018475	上位词	syn_005604
syn_008000	上位词	syn_002157
syn_001961	上位词	syn_002645
syn_001195	反义词	syn_001418
syn_002025	反义词	syn_002582
syn_009169	反义词	syn_009439
syn_006604	上位词	syn_015688
syn_001130	反义词	syn_001129
syn_017165	上位词	syn_004801
syn_015277	反义词	syn_015276
syn_003411	反义词	syn_003579
syn_009324	反义词	syn_009111
syn_017000	上位词	syn_002023
syn_014833	上位词	syn_002134
syn_011472	反义词	syn_003970
syn_016866	上位词	syn_015304
syn_018956	上位词	syn_000733
syn_010551	反义词	syn_001426
syn_007577	上位词	syn_004717
syn_001355	反义词	syn_010442
syn_001387	反义词	syn_010497
syn_000907	上位词	syn_002645
syn_007214	上位词	syn_000606
syn_001431	反义词	syn_010576
syn_015820	上位词	syn_002501
syn_015273	上位词	syn_004612
syn_013020	上位词	syn_002354
syn_009864	反义词	syn_009863
syn_005910	上位词	syn_016951
syn_017146	上位词	syn_001950
syn_009746	上位词	syn_008634
syn_010216	反义词	syn_010215
syn_013092	上位词	syn_002521
syn_001401	反义词	syn_001599
syn_011039	反义词	syn_011038
syn_006016	反义词	syn_006015
syn_010332	反义词	syn_010333
syn_012723	上位词	syn_004801
syn_002127	上位词	syn_004821
syn_019878	上位词	syn_015820
syn_011613	反义词	syn_011602
syn_009612	上位词	syn_009613
syn_008865	上位词	syn_007474
syn_001630	反义词	syn_011547
syn_012386	上位词	syn_002023
syn_016273	上位词	syn_005604
syn_016937	整体词	syn_002556
syn_001321	反义词	syn_009196
syn_019171	反义词	syn_014226
syn_010336	反义词	syn_001385
syn_004864	上位词	syn_000089
syn_014298	上位词	syn_007713
syn_019092	上位词	syn_002127
syn_002135	上位词	syn_015630
syn_007807	上位词	syn_004715
syn_000372	上位词	syn_005834
syn_018468	上位词	syn_005604
syn_018785	上位词	syn_018784
syn_018602	上位词	syn_005604
syn_001945	上位词	syn_018022
syn_015197	上位词	syn_007480
syn_017149	上位词	syn_007024
syn_015216	上位词	syn_007181
syn_009137	反义词	syn_001208
syn_011958	上位词	syn_015275
syn_005738	反义词	syn_005737
syn_004458	上位词	syn_007772
syn_005524	上位词	syn_012794
syn_015240	上位词	syn_002447
syn_013306	上位词	syn_002023
syn_011033	反义词	syn_011032
syn_002199	上位词	syn_019181
syn_001987	上位词	syn_001942
syn_002135	上位词	syn_008067
syn_009614	上位词	syn_008634
syn_013760	上位词	syn_000607
syn_018026	反义词	syn_018025
syn_018249	上位词	syn_005604
syn_014448	上位词	syn_002023
syn_008852	上位词	syn_004715
syn_010272	反义词	syn_001248
syn_008553	反义词	syn_008552
syn_011726	反义词	syn_011727
syn_006571	上位词	syn_005604
syn_010362	反义词	syn_001386
syn_002324	上位词	syn_002035
syn_007270	上位词	syn_012794
syn_002495	上位词	syn_007181
syn_009111	反义词	syn_009324
syn_010872	反义词	syn_001497
syn_002151	上位词	syn_015630
syn_001955	上位词	syn_004717
syn_005968	上位词	syn_016945
syn_001252	反义词	syn_009374
syn_002285	上位词	syn_002019
syn_000220	反义词	syn_003107
syn_007051	上位词	syn_008180
syn_006506	上位词	syn_002466
syn_007151	上位词	syn_004717
syn_018992	上位词	syn_012906
syn_001213	上位词	syn_009613
syn_016695	反义词	syn_009603
syn_001167	反义词	syn_009380
syn_016045	整体词	syn_001942
syn_001520	反义词	syn_011015
syn_006232	上位词	syn_006386
syn_011244	反义词	syn_017855
syn_007251	上位词	syn_000605
syn_014771	上位词	syn_002053
syn_002463	上位词	syn_014899
syn_000742	上位词	syn_002023
syn_017191	上位词	syn_006889
syn_018456	上位词	syn_005604
syn_001990	上位词	syn_002224
syn_002672	上位词	syn_005604
syn_014676	反义词	syn_014675
syn_000031	上位词	syn_002319
syn_010527	上位词	syn_008634
syn_019495	上位词	syn_007417
syn_007667	上位词	syn_002646
syn_004484	上位词	syn_007945
syn_004474	上位词	syn_000733
syn_004378	上位词	syn_004715
syn_004490	上位词	syn_000733
syn_004793	反义词	syn_003993
syn_008453	上位词	syn_008717
syn_016975	上位词	syn_008067
syn_010231	反义词	syn_010232
syn_009707	反义词	syn_009711
syn_010726	反义词	syn_001468
syn_009421	反义词	syn_009410
syn_002358	上位词	syn_018022
syn_000500	上位词	syn_000328
syn_001954	整体词	syn_007181
syn_014906	上位词	syn_017264
syn_007836	上位词	syn_000733
syn_016148	上位词	syn_002023
syn_003432	反义词	syn_003432
syn_002282	上位词	syn_004717
syn_000111	上位词	syn_015275
syn_015159	上位词	syn_012135
syn_014482	上位词	syn_000217
syn_006555	上位词	syn_019181
syn_000937	上位词	syn_002134
syn_005713	反义词	syn_000298
syn_009504	反义词	syn_009505
syn_015102	上位词	syn_004821
syn_009532	反义词	syn_001585
syn_018834	上位词	syn_002822
syn_013098	上位词	syn_013254
syn_008145	上位词	syn_005604
syn_005882	上位词	syn_016850
syn_003996	上位词	syn_002645
syn_008505	反义词	syn_001911
syn_010373	反义词	syn_010374
syn_016945	上位词	syn_004765
syn_000142	上位词	syn_001711
syn_016867	上位词	syn_015273
syn_010058	反义词	syn_010501
syn_002459	上位词	syn_015204
syn_002178	反义词	syn_002186
syn_002075	反义词	syn_002077
syn_008309	上位词	syn_008399
syn_002606	上位词	syn_006889
syn_000740	上位词	syn_007784
syn_010220	反义词	syn_010219
syn_006925	上位词	syn_015124
syn_000252	反义词	syn_014414
syn_002556	上位词	syn_004056
syn_015860	上位词	syn_016837
syn_004245	上位词	syn_018169
syn_013760	上位词	syn_012079
syn_009823	反义词	syn_009824
syn_006516	上位词	syn_000562
syn_004913	上位词	syn_004940
syn_005861	上位词	syn_002023
syn_012844	上位词	syn_005604
syn_016680	上位词	syn_005071
syn_001142	反义词	syn_001485
syn_001217	反义词	syn_007283
syn_012037	上位词	syn_015275
syn_014848	上位词	syn_002134
syn_010288	反义词	syn_010289
syn_016808	上位词	syn_008067
syn_016304	上位词	syn_004717
syn_003423	反义词	syn_017292
syn_017544	反义词	syn_017490
syn_002073	反义词	syn_002074
syn_015123	上位词	syn_016706
syn_013006	上位词	syn_002319
syn_003745	上位词	syn_005604
syn_000398	反义词	syn_000009
syn_004393	上位词	syn_002102
syn_014715	上位词	syn_016445
syn_014248	上位词	syn_005071
syn_014216	反义词	syn_014552
syn_000525	反义词	syn_016634
syn_005938	上位词	syn_015124
syn_006176	上位词	syn_016415
syn_019899	上位词	syn_015820
syn_002674	上位词	syn_002028
syn_017072	上位词	syn_012383
syn_015674	上位词	syn_006889
syn_009771	反义词	syn_010342
syn_002136	上位词	syn_002023
syn_019948	上位词	syn_002583
syn_017902	反义词	syn_017744
syn_011891	上位词	syn_005604
syn_002688	上位词	syn_018713
syn_001367	反义词	syn_001365
syn_010094	反义词	syn_010093
syn_013142	上位词	syn_013149
syn_018454	上位词	syn_005604
syn_019907	上位词	syn_019200
syn_008509	上位词	syn_001942
syn_003742	上位词	syn_005604
syn_012904	上位词	syn_011698
syn_002100	上位词	syn_004717
syn_011487	反义词	syn_011503
syn_000292	反义词	syn_001647
syn_001342	反义词	syn_011099
syn_014275	反义词	syn_002481
syn_007818	整体词	syn_002135
syn_010112	反义词	syn_010115
syn_001388	反义词	syn_001387
syn_015586	上位词	syn_002023
syn_018341	上位词	syn_005604
syn_003740	上位词	syn_005604
syn_009229	反义词	syn_001145
syn_007019	反义词	syn_000228
syn_002204	上位词	syn_002157
syn_009571	反义词	syn_009570
syn_001310	反义词	syn_010025
syn_004484	上位词	syn_000733
syn_007539	上位词	syn_015824
syn_006905	上位词	syn_008067
syn_002568	上位词	syn_007989
syn_011019	反义词	syn_011022
syn_015689	上位词	syn_005604
syn_004236	上位词	syn_016247
syn_019863	上位词	syn_017709
syn_019929	上位词	syn_002445
syn_002149	上位词	syn_015630
syn_015531	整体词	syn_006870
syn_000583	反义词	syn_017916
syn_002008	上位词	syn_016247
syn_015456	上位词	syn_004765
syn_001570	反义词	syn_010355
syn_018258	上位词	syn_005604
syn_002330	上位词	syn_014901
syn_011043	反义词	syn_001527
syn_002935	上位词	syn_002972
syn_008623	反义词	syn_008624
syn_013818	上位词	syn_016247
syn_017185	上位词	syn_002346
syn_015499	上位词	syn_015418
syn_003880	上位词	syn_017264
syn_010405	反义词	syn_001399
syn_007794	上位词	syn_012794
syn_011017	反义词	syn_011014
syn_001984	上位词	syn_006871
syn_018267	上位词	syn_018325
syn_004818	上位词	syn_004821
syn_006361	上位词	syn_004810
syn_002982	反义词	syn_002749
syn_002739	上位词	syn_013921
syn_015810	上位词	syn_002501
syn_002019	上位词	syn_002645
syn_018124	上位词	syn_002521
syn_002600	整体词	syn_002344
syn_000472	上位词	syn_000472
syn_010611	反义词	syn_009215
syn_004659	上位词	syn_004304
syn_015557	上位词	syn_005596
syn_018087	上位词	syn_017264
syn_018516	上位词	syn_005604
syn_016449	上位词	syn_015275
syn_011234	反义词	syn_011233
syn_004698	上位词	syn_019223
syn_011786	上位词	syn_000995
syn_005702	反义词	syn_000338
syn_018947	上位词	syn_002127
syn_006920	上位词	syn_006272
syn_012114	整体词	syn_004257
syn_017243	整体词	syn_002325
syn_014644	反义词	syn_014643
syn_008849	上位词	syn_019181
syn_002253	反义词	syn_002662
syn_010718	反义词	syn_010719
syn_014794	上位词	syn_002134
syn_008843	反义词	syn_019436
syn_003579	反义词	syn_017490
syn_002085	上位词	syn_002501
syn_019547	上位词	syn_007769
syn_016488	上位词	syn_002023
syn_000687	上位词	syn_012477
syn_011131	反义词	syn_011132
syn_001780	反义词	syn_009656
syn_000247	反义词	syn_007733
syn_008926	上位词	syn_019181
syn_001502	反义词	syn_001503
syn_002638	上位词	syn_005071
syn_007019	反义词	syn_003971
syn_003746	上位词	syn_005604
syn_002476	上位词	syn_004612
syn_019181	上位词	syn_012683
syn_017906	反义词	syn_003372
syn_007638	反义词	syn_006077
syn_002786	反义词	syn_001385
syn_004112	上位词	syn_002521
syn_000111	上位词	syn_005003
syn_001307	反义词	syn_010015
syn_001678	上位词	syn_003866
syn_010649	反义词	syn_010650
syn_005908	上位词	syn_000077
syn_000653	反义词	syn_001360
syn_007714	上位词	syn_007713
syn_002907	上位词	syn_000995
syn_005670	反义词	syn_000303
syn_003422	反义词	syn_017699
syn_014751	上位词	syn_002023
syn_009761	反义词	syn_009760
syn_000995	上位词	syn_000995
syn_003971	反义词	syn_007019
syn_010293	反义词	syn_009371
syn_000350	上位词	syn_000347
syn_011604	反义词	syn_011605
syn_005449	上位词	syn_016449
syn_008117	上位词	syn_005882
syn_005217	上位词	syn_005604
syn_001399	反义词	syn_010405
syn_010590	反义词	syn_010594
syn_013752	上位词	syn_004717
syn_019878	上位词	syn_002501
syn_010654	反义词	syn_010655
syn_013034	整体词	syn_004257
syn_013813	反义词	syn_000246
syn_012392	上位词	syn_002024
syn_013449	上位词	syn_014297
syn_004082	反义词	syn_000673
syn_005660	上位词	syn_000302
syn_002532	上位词	syn_002501
syn_011311	反义词	syn_011310
syn_011243	反义词	syn_001552
syn_003735	上位词	syn_005604
syn_001937	上位词	syn_012477
syn_013279	上位词	syn_019181
syn_011972	上位词	syn_008782
syn_001210	上位词	syn_001224
syn_017796	反义词	syn_010841
syn_004038	整体词	syn_004260
syn_001254	反义词	syn_001255
syn_001273	反义词	syn_001274
syn_011771	整体词	syn_007364
syn_011244	反义词	syn_001567
syn_002116	上位词	syn_006272
syn_001441	反义词	syn_001331
syn_004475	上位词	syn_016148
syn_018097	上位词	syn_002031
syn_011127	反义词	syn_001544
syn_010077	上位词	syn_009613
syn_014692	上位词	syn_012794
syn_006881	上位词	syn_008821
syn_002285	反义词	syn_011661
syn_001990	上位词	syn_002521
syn_006077	反义词	syn_007638
syn_002123	上位词	syn_005604
syn_005234	整体词	syn_002561
syn_001501	反义词	syn_010884
syn_013733	上位词	syn_002645
syn_000595	反义词	syn_016695
syn_013802	上位词	syn_002830
syn_017304	反义词	syn_017979
syn_006096	上位词	syn_002468
syn_011426	反义词	syn_001603
syn_004278	上位词	syn_002239
syn_015453	上位词	syn_015304
syn_009404	反义词	syn_001173
syn_010093	反义词	syn_010094
syn_002623	上位词	syn_002624
syn_019589	上位词	syn_008821
syn_008343	反义词	syn_011729
syn_004788	上位词	syn_004717
syn_001147	反义词	syn_001148
syn_001443	反义词	syn_001336
syn_009419	反义词	syn_010687
syn_006070	上位词	syn_007104
syn_004793	反义词	syn_019825
syn_004094	上位词	syn_006171
syn_013276	上位词	syn_015630
syn_002793	反义词	syn_002792
syn_004469	上位词	syn_002645
syn_004801	上位词	syn_002649
syn_009540	反义词	syn_009159
syn_016607	上位词	syn_019181
syn_016041	上位词	syn_003207
syn_018855	上位词	syn_004775
syn_017726	反义词	syn_017769
syn_008074	上位词	syn_003847
syn_013076	上位词	syn_006870
syn_013031	上位词	syn_000733
syn_002194	上位词	syn_002645
syn_011893	上位词	syn_005947
syn_006898	上位词	syn_002023
syn_005579	反义词	syn_009064
syn_000233	反义词	syn_000272
syn_010699	反义词	syn_009151
syn_000498	反义词	syn_001188
syn_019068	整体词	syn_002583
syn_015588	上位词	syn_012973
syn_018919	上位词	syn_007818
syn_003360	反义词	syn_003431
syn_007822	整体词	syn_002135
syn_006272	上位词	syn_012135
syn_009176	反义词	syn_004269
syn_015782	上位词	syn_012135
syn_008863	上位词	syn_015275
syn_005324	上位词	syn_015820
syn_001989	上位词	syn_015398
syn_001214	上位词	syn_001224
syn_015864	上位词	syn_003218
syn_007908	上位词	syn_015630
syn_006283	上位词	syn_004984
syn_007939	上位词	syn_015630
syn_002560	上位词	syn_002645
syn_001355	反义词	syn_009826
syn_001911	反义词	syn_015477
syn_001900	上位词	syn_002327
syn_002285	上位词	syn_002645
syn_006634	上位词	syn_004984
syn_015051	上位词	syn_006272
syn_016810	上位词	syn_002645
syn_014259	反义词	syn_015353
syn_009374	反义词	syn_001252
syn_000742	上位词	syn_007763
syn_004266	整体词	syn_004260
syn_008674	上位词	syn_008634
syn_003156	上位词	syn_003152
syn_010432	反义词	syn_010298
syn_002537	上位词	syn_004612
syn_004311	上位词	syn_002023
syn_017138	整体词	syn_007555
syn_002640	上位词	syn_002212
syn_010215	反义词	syn_010216
syn_010875	反义词	syn_010874
syn_008714	上位词	syn_015398
syn_018640	上位词	syn_005604
syn_007576	上位词	syn_004717
syn_006819	上位词	syn_011563
syn_008045	上位词	syn_004984
syn_016166	上位词	syn_007417
syn_016695	反义词	syn_000595
syn_008741	反义词	syn_008740
syn_004070	整体词	syn_001942
syn_018940	上位词	syn_002658
syn_006416	反义词	syn_019730
syn_010260	反义词	syn_001265
syn_004558	反义词	syn_004559
syn_016926	上位词	syn_002068
syn_015009	上位词	syn_000733
syn_004732	上位词	syn_002327
syn_012199	反义词	syn_012198
syn_005824	上位词	syn_007714
syn_013142	上位词	syn_006272
syn_012855	上位词	syn_019232
syn_002368	上位词	syn_001999
syn_009678	反义词	syn_009311
syn_019408	反义词	syn_012329
syn_017949	反义词	syn_003562
syn_004629	上位词	syn_002645
syn_006607	上位词	syn_015711
syn_010462	反义词	syn_000653
syn_002313	上位词	syn_004821
syn_004658	上位词	syn_004304
syn_016824	上位词	syn_019181
syn_002078	反义词	syn_006949
syn_006569	反义词	syn_002099
syn_001357	反义词	syn_010265
syn_001457	反义词	syn_010677
syn_016967	整体词	syn_000689
syn_011098	上位词	syn_000995
syn_017490	反义词	syn_017544
syn_014851	上位词	syn_002134
syn_017974	反义词	syn_015187
syn_000920	反义词	syn_002159
syn_013004	上位词	syn_005882
syn_018121	上位词	syn_016706
syn_000941	上位词	syn_002134
syn_008832	反义词	syn_008831
syn_013160	上位词	syn_005071
syn_010839	反义词	syn_010838
syn_007197	上位词	syn_015275
syn_019848	整体词	syn_002325
syn_002186	反义词	syn_002178
syn_002585	反义词	syn_007511
syn_002158	上位词	syn_004717
syn_010951	反义词	syn_010950
syn_007968	上位词	syn_008067
syn_004857	上位词	syn_003055
syn_007869	上位词	syn_007868
syn_012961	上位词	syn_003821
syn_009448	反义词	syn_009447
syn_004686	上位词	syn_005000
syn_008803	上位词	syn_006889
syn_004915	反义词	syn_004889
syn_000684	上位词	syn_000733
syn_019848	整体词	syn_007181
syn_012880	反义词	syn_002331
syn_018302	上位词	syn_005604
syn_002357	上位词	syn_002027
syn_002545	上位词	syn_004717
syn_003993	反义词	syn_002454
syn_007612	上位词	syn_007797
syn_004176	上位词	syn_019181
syn_000269	反义词	syn_007019
syn_010493	上位词	syn_001515
syn_001849	反义词	syn_002920
syn_007959	上位词	syn_006272
syn_015140	上位词	syn_003087
syn_002280	上位词	syn_004717
syn_003862	反义词	syn_016638
syn_018953	上位词	syn_002630
syn_018798	上位词	syn_016247
syn_004775	上位词	syn_004765
syn_019575	上位词	syn_007460
syn_001527	反义词	syn_011043
syn_001197	反义词	syn_011467
syn_008063	上位词	syn_000733
syn_014854	上位词	syn_002134
syn_011614	反义词	syn_011602
syn_008722	反义词	syn_008593
syn_008067	上位词	syn_012383
syn_015161	上位词	syn_019002
syn_019251	上位词	syn_000733
syn_002205	上位词	syn_002346
syn_008781	上位词	syn_019345
syn_000245	反义词	syn_000279
syn_010884	反义词	syn_001501
syn_018577	上位词	syn_005604
syn_004369	上位词	syn_002023
syn_001255	反义词	syn_001254
syn_000952	上位词	syn_004304
syn_006230	上位词	syn_006870
syn_018361	上位词	syn_005604
syn_009139	反义词	syn_010124
syn_007352	上位词	syn_012477
syn_010935	上位词	syn_010939
syn_015206	上位词	syn_015240
syn_013031	上位词	syn_007784
syn_013105	上位词	syn_006889
syn_018582	上位词	syn_005604
syn_016432	上位词	syn_006889
syn_010617	反义词	syn_003884
syn_002656	反义词	syn_008009
syn_000009	反义词	syn_000975
syn_018661	整体词	syn_018662
syn_010722	反义词	syn_010723
syn_005270	上位词	syn_000968
syn_005827	上位词	syn_000733
syn_019470	上位词	syn_002592
syn_019565	上位词	syn_005604
syn_016467	反义词	syn_016465
syn_002329	上位词	syn_015602
syn_003971	反义词	syn_003972
syn_005826	上位词	syn_001989
syn_007874	上位词	syn_000733
syn_005714	反义词	syn_000297
syn_006850	上位词	syn_002036
syn_007336	上位词	syn_012477
syn_016925	上位词	syn_007181
syn_000712	上位词	syn_001942
syn_007484	上位词	syn_000471
syn_018261	上位词	syn_005604
syn_004361	上位词	syn_015398
syn_015747	上位词	syn_002445
syn_002238	反义词	syn_002237
syn_003705	上位词	syn_005604
syn_001497	反义词	syn_010872
syn_014847	上位词	syn_002134
syn_000724	上位词	syn_002023
syn_014988	上位词	syn_015423
syn_009711	反义词	syn_009707
syn_002229	上位词	syn_004765
syn_009311	反义词	syn_009678
syn_007365	上位词	syn_012477
syn_002645	上位词	syn_002587
syn_004999	上位词	syn_001146
syn_018282	上位词	syn_018813
syn_017541	反义词	syn_017788
syn_002996	反义词	syn_014483
syn_010841	反义词	syn_017796
syn_019072	上位词	syn_012739
syn_004067	上位词	syn_006870
syn_009617	上位词	syn_001224
syn_003754	上位词	syn_005604
syn_019105	整体词	syn_000920
syn_010452	反义词	syn_014259
syn_013128	整体词	syn_006889
syn_012914	上位词	syn_006870
syn_005737	反义词	syn_005738
syn_019875	上位词	syn_007181
syn_011614	上位词	syn_015275
syn_016706	上位词	syn_006871
syn_004978	上位词	syn_004984
syn_011389	反义词	syn_009877
syn_016741	上位词	syn_002093
syn_017139	上位词	syn_016951
syn_015424	上位词	syn_004612
syn_001644	上位词	syn_003317
syn_002667	上位词	syn_004821
syn_001223	上位词	syn_001224
syn_011661	反义词	syn_002285
syn_000693	上位词	syn_002023
syn_006525	反义词	syn_006524
syn_014728	整体词	syn_005925
syn_000673	反义词	syn_004082
syn_013032	反义词	syn_018100
syn_016521	上位词	syn_005926
syn_015134	上位词	syn_000995
syn_014264	反义词	syn_014249
syn_010601	反义词	syn_010602
syn_007867	上位词	syn_019060
syn_002051	整体词	syn_007181
syn_002169	上位词	syn_002561
syn_009197	反义词	syn_001133
syn_019345	上位词	syn_002023
syn_016344	上位词	syn_005500
syn_013740	反义词	syn_000248
syn_000468	上位词	syn_001816
syn_000891	反义词	syn_000890
syn_018252	上位词	syn_005604
syn_000671	反义词	syn_010331
syn_013792	反义词	syn_002390
syn_000358	反义词	syn_000359
syn_018671	上位词	syn_005604
syn_016465	反义词	syn_016467
syn_015107	上位词	syn_015398
syn_016369	上位词	syn_004056
syn_001578	反义词	syn_001576
syn_002481	反义词	syn_015410
syn_004289	上位词	syn_019181
syn_015836	上位词	syn_013092
syn_002232	上位词	syn_018121
syn_019909	反义词	syn_019908
syn_000703	上位词	syn_002023
syn_015672	上位词	syn_019181
syn_018331	上位词	syn_005604
syn_000696	上位词	syn_019345
syn_016322	上位词	syn_002023
syn_014838	上位词	syn_002134
syn_003862	反义词	syn_016637
syn_009245	上位词	syn_001503
syn_017208	上位词	syn_004717
syn_002521	上位词	syn_007417
syn_018235	上位词	syn_005604
syn_016219	上位词	syn_010949
syn_018296	上位词	syn_005604
syn_016375	上位词	syn_005274
syn_008811	上位词	syn_015973
syn_002565	上位词	syn_002316
syn_002333	上位词	syn_001946
syn_016670	上位词	syn_006870
syn_001502	反义词	syn_002972
syn_013017	上位词	syn_007768
syn_001955	整体词	syn_002645
syn_013063	上位词	syn_014884
syn_011473	反义词	syn_011471
syn_019696	整体词	syn_007181
syn_007370	上位词	syn_012477
syn_009563	反义词	syn_001202
syn_009064	反义词	syn_005579
syn_007347	上位词	syn_012477
syn_008923	上位词	syn_005071
syn_006627	整体词	syn_002645
syn_016570	反义词	syn_004375
syn_007099	上位词	syn_002068
syn_004098	整体词	syn_002031
syn_001958	上位词	syn_002031
syn_007132	上位词	syn_011085
syn_006904	上位词	syn_008067
syn_002024	上位词	syn_002645
syn_019841	上位词	syn_015630
syn_013095	上位词	syn_013254
syn_016349	上位词	syn_002501
syn_011729	反义词	syn_008343
syn_009480	反义词	syn_009481
syn_014415	反义词	syn_000252
syn_006281	上位词	syn_002023
syn_001946	上位词	syn_002316
syn_006633	上位词	syn_006870
syn_007555	上位词	syn_004810
syn_005528	整体词	syn_002344
syn_001252	反义词	syn_009375
syn_008821	上位词	syn_002501
syn_000690	上位词	syn_002023
syn_008069	上位词	syn_002023
syn_006627	整体词	syn_014897
syn_004957	上位词	syn_008653
syn_008023	上位词	syn_002000
syn_013282	上位词	syn_005228
syn_001226	上位词	syn_011857
syn_009384	反义词	syn_001168
syn_002179	反义词	syn_002180
syn_015020	上位词	syn_019181
syn_008151	上位词	syn_014898
syn_008802	整体词	syn_007414
syn_001904	上位词	syn_002501
syn_012990	反义词	syn_004219
syn_014728	上位词	syn_005926
syn_001521	反义词	syn_001190
syn_010627	反义词	syn_001466
syn_017866	上位词	syn_018169
syn_002221	上位词	syn_002561
syn_002156	上位词	syn_014901
syn_011519	反义词	syn_011511
syn_012034	反义词	syn_012035
syn_009565	反义词	syn_009564
syn_011528	反义词	syn_011527
syn_019939	上位词	syn_002583
syn_006257	上位词	syn_004612
syn_000265	上位词	syn_002023
syn_002338	上位词	syn_004717
syn_007688	上位词	syn_002127
syn_001452	反义词	syn_001455
syn_012796	上位词	syn_002327
syn_000370	上位词	syn_001653
syn_017188	上位词	syn_006889
syn_002514	上位词	syn_002501
syn_001916	上位词	syn_015273
syn_008818	反义词	syn_008131
syn_006866	上位词	syn_002342
syn_017979	反义词	syn_017304
syn_014817	上位词	syn_002134
syn_001695	反义词	syn_015183
syn_009794	反义词	syn_009793
syn_010583	反义词	syn_010584
syn_004091	上位词	syn_015304
syn_013097	上位词	syn_013254
syn_018610	上位词	syn_005604
syn_006812	上位词	syn_004810
syn_004806	上位词	syn_002023
syn_018757	上位词	syn_005604
syn_001280	反义词	syn_001279
syn_004250	反义词	syn_003256
syn_003727	上位词	syn_005604
syn_019389	上位词	syn_015984
syn_000226	反义词	syn_000013
syn_010723	反义词	syn_011503
syn_001351	反义词	syn_009165
syn_019804	上位词	syn_019181
syn_002183	上位词	syn_016945
syn_005486	上位词	syn_006870
syn_006141	整体词	syn_002466
syn_000683	上位词	syn_002023
syn_017187	上位词	syn_006889
syn_000900	上位词	syn_014901
syn_004864	上位词	syn_004912
syn_003047	上位词	syn_003048
syn_001429	反义词	syn_010573
syn_018329	上位词	syn_005604
syn_005820	上位词	syn_002023
syn_001336	反义词	syn_001443
syn_001365	反义词	syn_001367
syn_009570	反义词	syn_009571
syn_003764	上位词	syn_005604
syn_006544	上位词	syn_007487
syn_015583	上位词	syn_001005
syn_012396	上位词	syn_000733
syn_016924	上位词	syn_002583
syn_012912	上位词	syn_002473
syn_011205	反义词	syn_011491
syn_009342	上位词	syn_008634
syn_004821	上位词	syn_002028
syn_005187	上位词	syn_018765
syn_017226	上位词	syn_019181
syn_016070	上位词	syn_003217
syn_011527	反义词	syn_011528
syn_000267	上位词	syn_002023
syn_007565	上位词	syn_002568
syn_008866	上位词	syn_000733
syn_013075	上位词	syn_000733
syn_004175	整体词	syn_001996
syn_002792	反义词	syn_002793
syn_009298	反义词	syn_009299
syn_001292	上位词	syn_009613
syn_007337	上位词	syn_012477
syn_015704	上位词	syn_016850
syn_007367	上位词	syn_012477
syn_004776	上位词	syn_018022
syn_019426	上位词	syn_003874
syn_010113	反义词	syn_010114
syn_008017	反义词	syn_016191
syn_002582	反义词	syn_002024
syn_002563	反义词	syn_002562
syn_006367	上位词	syn_002319
syn_013080	上位词	syn_006889
syn_017046	上位词	syn_015108
syn_002520	上位词	syn_005071
syn_006948	反义词	syn_002076
syn_017280	反义词	syn_017279
syn_002159	反义词	syn_000920
syn_002016	上位词	syn_002035
syn_001262	上位词	syn_008634
syn_010576	反义词	syn_001431
syn_008111	上位词	syn_004717
syn_000229	反义词	syn_000228
syn_005600	整体词	syn_001996
syn_007019	反义词	syn_013813
syn_011965	整体词	syn_006600
syn_018792	上位词	syn_002498
syn_009991	反义词	syn_014005
syn_017052	上位词	syn_012385
syn_009720	上位词	syn_009719
syn_001330	反义词	syn_009531
syn_018098	上位词	syn_002031
syn_012884	上位词	syn_002319
syn_008953	上位词	syn_008952
syn_013008	反义词	syn_019393
syn_001934	上位词	syn_002035
syn_001122	反义词	syn_001553
syn_004865	反义词	syn_016822
syn_005094	上位词	syn_002501
syn_002481	反义词	syn_002482
syn_012726	上位词	syn_004715
syn_017039	上位词	syn_012398
syn_009463	反义词	syn_009462
syn_004762	上位词	syn_001944
syn_011464	反义词	syn_001616
syn_001998	反义词	syn_016318
syn_009169	反义词	syn_001265
syn_006934	上位词	syn_012683
syn_002130	上位词	syn_002327
syn_002581	反义词	syn_002024
syn_007687	上位词	syn_012146
syn_004295	上位词	syn_005604
syn_000837	反义词	syn_003940
syn_007031	上位词	syn_000351
syn_010354	反义词	syn_010350
syn_001538	反义词	syn_001592
syn_007477	上位词	syn_014718
syn_010268	反义词	syn_010269
syn_001227	上位词	syn_001224
syn_009603	反义词	syn_016695
syn_011276	反义词	syn_011277
syn_002630	上位词	syn_005071
syn_010098	反义词	syn_010099
syn_010744	反义词	syn_010745
syn_014493	上位词	syn_014495
syn_014249	反义词	syn_014264
syn_007672	反义词	syn_003304
syn_003723	上位词	syn_005604
syn_011675	上位词	syn_006557
syn_002243	上位词	syn_011700
syn_008602	反义词	syn_002278
syn_017914	反义词	syn_003625
syn_002188	上位词	syn_005071
syn_011398	反义词	syn_001593
syn_002076	上位词	syn_004717
syn_018699	上位词	syn_005604
syn_002169	上位词	syn_002127
syn_002278	反义词	syn_008602
syn_011308	上位词	syn_001224
syn_001610	反义词	syn_001609
syn_017500	上位词	syn_003525
syn_001954	整体词	syn_002583
syn_012739	上位词	syn_002325
syn_019540	上位词	syn_002501
syn_012213	上位词	syn_006272
syn_006397	反义词	syn_006398
syn_001996	上位词	syn_001972
syn_008225	上位词	syn_008193
syn_009637	上位词	syn_001224
syn_002086	上位词	syn_002447
syn_016385	上位词	syn_004056
syn_004363	上位词	syn_002501
syn_002582	反义词	syn_002025
syn_003604	反义词	syn_010545
syn_006702	上位词	syn_002068
syn_012710	上位词	syn_012383
syn_019702	反义词	syn_019694
syn_009491	反义词	syn_009490
syn_007179	上位词	syn_002023
syn_001647	反义词	syn_000292
syn_014414	反义词	syn_000252
syn_015392	上位词	syn_002023
syn_015434	上位词	syn_002473
syn_012532	上位词	syn_002342
syn_012393	上位词	syn_002561
syn_011970	整体词	syn_006600
syn_018963	上位词	syn_002023
syn_010205	反义词	syn_010207
syn_000737	上位词	syn_002023
syn_009656	反义词	syn_001780
syn_008118	上位词	syn_005071
syn_007661	上位词	syn_007662
syn_009166	反义词	syn_001350
syn_000867	反义词	syn_003270
syn_014966	上位词	syn_002865
syn_004485	上位词	syn_000733
syn_013514	反义词	syn_000299
syn_002560	上位词	syn_004763
syn_001956	上位词	syn_002649
syn_007329	上位词	syn_012477
syn_017034	上位词	syn_008067
syn_011406	反义词	syn_011407
syn_012978	上位词	syn_004821
syn_002346	整体词	syn_007460
syn_010898	上位词	syn_001303
syn_018023	上位词	syn_012794
syn_010648	反义词	syn_010656
syn_001188	反义词	syn_000498
syn_017006	上位词	syn_004801
syn_016305	上位词	syn_004717
syn_001318	反义词	syn_002920
syn_019221	上位词	syn_006870
syn_001609	反义词	syn_001610
syn_004337	上位词	syn_015472
syn_007994	上位词	syn_004717
syn_000931	上位词	syn_014901
syn_012401	上位词	syn_001686
syn_018860	上位词	syn_004931
syn_019581	上位词	syn_000733
syn_015984	上位词	syn_007417
syn_004304	上位词	syn_002319
syn_007006	上位词	syn_000880
syn_007268	反义词	syn_001216
syn_014857	上位词	syn_002134
syn_011361	反义词	syn_011362
syn_002401	上位词	syn_019181
syn_001535	反义词	syn_009470
syn_005500	上位词	syn_001946
syn_001530	反义词	syn_001609
syn_016413	反义词	syn_016412
syn_004792	反义词	syn_004793
syn_002024	反义词	syn_002582
syn_011457	上位词	syn_000995
syn_001418	反义词	syn_001421
syn_018444	上位词	syn_005604
syn_018116	上位词	syn_015399
syn_007107	上位词	syn_007181
syn_017130	上位词	syn_019232
syn_000054	反义词	syn_000055
syn_018717	上位词	syn_005604
syn_016176	上位词	syn_002068
syn_005482	上位词	syn_006870
syn_019830	上位词	syn_003969
syn_017709	上位词	syn_002501
syn_011511	反义词	syn_011519
syn_013042	上位词	syn_016061
syn_018730	上位词	syn_005604
syn_016923	上位词	syn_002068
syn_013120	上位词	syn_006889
syn_001173	反义词	syn_009404
syn_002590	上位词	syn_019181
syn_011602	反义词	syn_011614
syn_011466	反义词	syn_011467
syn_018684	上位词	syn_005604
syn_000653	反义词	syn_010462
syn_015118	上位词	syn_004717
syn_002381	上位词	syn_002035
syn_000276	整体词	syn_002466
syn_002583	上位词	syn_006296
syn_002559	上位词	syn_006870
syn_004349	上位词	syn_004984
syn_011132	反义词	syn_011131
syn_011015	反义词	syn_001520
syn_002907	上位词	syn_001224
syn_005412	上位词	syn_004612
syn_014775	上位词	syn_012794
syn_007709	上位词	syn_011700
syn_005369	上位词	syn_002670
syn_006151	上位词	syn_012794
syn_000850	上位词	syn_000360
syn_005172	上位词	syn_007797
syn_018629	上位词	syn_005604
syn_019446	上位词	syn_002365
syn_001262	反义词	syn_001263
syn_013647	上位词	syn_002035
syn_004750	上位词	syn_016247
syn_013276	整体词	syn_012383
syn_018437	上位词	syn_005604
syn_002021	上位词	syn_002127
syn_004925	上位词	syn_008653
syn_016787	上位词	syn_015820
syn_016921	上位词	syn_006296
syn_010293	反义词	syn_001462
syn_001905	上位词	syn_015820
syn_005267	上位词	syn_002184
syn_012783	上位词	syn_014901
syn_013445	上位词	syn_004612
syn_002498	上位词	syn_001942
syn_002242	上位词	syn_011700
syn_017471	反义词	syn_003388
syn_016782	上位词	syn_002319
syn_001248	反义词	syn_009854
syn_002279	上位词	syn_004717
syn_015711	整体词	syn_002344
syn_000259	反义词	syn_000261
syn_007414	上位词	syn_012794
syn_011293	反义词	syn_009821
syn_016925	上位词	syn_002068
syn_006638	整体词	syn_002068
syn_009679	反义词	syn_009680
syn_001571	反义词	syn_001614
syn_008851	整体词	syn_000688
syn_016922	上位词	syn_002583
syn_014712	上位词	syn_002068
syn_014005	反义词	syn_009991
syn_011697	上位词	syn_002127
syn_006286	上位词	syn_005882
syn_008652	上位词	syn_004717
syn_016689	上位词	syn_001996
syn_007138	上位词	syn_004821
syn_015256	上位词	syn_015543
syn_002559	上位词	syn_006889
syn_004375	上位词	syn_004715
syn_007940	上位词	syn_015630
syn_010771	反义词	syn_001481
syn_001181	反义词	syn_001177
syn_012992	上位词	syn_017264
syn_001530	反义词	syn_001258
syn_001459	反义词	syn_010678
syn_016098	上位词	syn_002521
syn_011600	反义词	syn_002219
syn_002216	上位词	syn_015472
syn_002688	整体词	syn_004260
syn_010199	反义词	syn_001539
syn_001439	反义词	syn_001438
syn_001331	反义词	syn_001441
syn_015012	上位词	syn_019181
syn_000162	上位词	syn_001146
syn_001895	整体词	syn_002537
syn_001639	反义词	syn_001638
syn_018372	上位词	syn_005604
syn_002468	上位词	syn_004612
syn_001631	反义词	syn_011550
syn_013322	上位词	syn_002501
syn_010923	反义词	syn_001752
syn_002281	反义词	syn_002282
syn_010232	反义词	syn_010231
syn_012661	反义词	syn_012660
syn_015410	反义词	syn_002481
syn_005995	反义词	syn_000388
syn_000500	上位词	syn_015275
syn_000280	反义词	syn_007019
syn_016452	上位词	syn_000920
syn_008513	上位词	syn_005230
syn_010164	反义词	syn_010151
syn_000281	反义词	syn_000280
syn_004895	上位词	syn_004717
syn_010670	上位词	syn_010669
syn_017029	上位词	syn_011685
syn_010310	反义词	syn_010546
syn_003741	上位词	syn_005604
syn_012615	上位词	syn_002127
syn_016705	上位词	syn_019232
syn_013035	上位词	syn_002645
syn_001426	反义词	syn_010551
syn_004037	上位词	syn_005882
syn_009804	反义词	syn_009805
syn_002157	上位词	syn_002521
syn_000687	整体词	syn_004260
syn_010342	反义词	syn_009771
syn_011108	反义词	syn_011107
syn_019393	反义词	syn_013008
syn_001849	反义词	syn_001850
syn_001271	上位词	syn_008634
syn_008282	上位词	syn_008399
syn_000681	上位词	syn_004715
syn_004842	上位词	syn_012383
syn_002639	上位词	syn_002532
syn_015655	上位词	syn_005604
syn_001593	反义词	syn_011398
syn_003798	上位词	syn_000469
syn_007371	上位词	syn_012477
syn_006841	上位词	syn_007181
syn_010014	反义词	syn_010013
syn_002078	上位词	syn_004717
syn_004945	上位词	syn_004944
syn_005548	上位词	syn_012477
syn_018666	整体词	syn_007710
syn_002690	上位词	syn_006870
syn_002656	上位词	syn_012383
syn_015771	上位词	syn_002501
syn_015304	上位词	syn_004612
syn_010145	反义词	syn_009146
syn_004307	上位词	syn_002319
syn_015668	上位词	syn_015307
syn_002482	上位词	syn_002184
syn_002563	上位词	syn_002645
syn_008809	上位词	syn_012794
syn_009249	反义词	syn_009248
syn_007379	整体词	syn_006711
syn_009816	反义词	syn_009817
syn_007846	上位词	syn_006870
syn_000448	反义词	syn_006396
syn_004071	整体词	syn_016358
syn_004656	上位词	syn_004304
syn_019213	上位词	syn_016148
syn_009371	反义词	syn_010293
syn_016052	上位词	syn_006171
syn_001464	反义词	syn_010703
syn_002219	上位词	syn_004717
syn_000691	上位词	syn_004715
syn_009490	反义词	syn_009491
syn_007766	上位词	syn_016148
syn_001435	反义词	syn_001434
syn_013151	上位词	syn_015051
syn_008341	上位词	syn_015275
syn_008739	上位词	syn_004717
syn_001386	反义词	syn_010362
syn_014874	上位词	syn_016627
syn_007292	上位词	syn_002097
syn_002026	整体词	syn_006272
syn_008336	上位词	syn_000471
syn_002688	上位词	syn_015124
syn_001907	上位词	syn_002501
syn_001935	上位词	syn_004717
syn_018100	反义词	syn_013032
syn_000682	上位词	syn_012477
syn_002822	上位词	syn_000995
syn_016203	上位词	syn_002645
syn_013084	上位词	syn_006889
syn_011503	反义词	syn_010723
syn_009705	反义词	syn_009704
syn_018117	上位词	syn_004715
syn_002347	上位词	syn_006870
syn_016030	上位词	syn_002501
syn_016946	上位词	syn_003161
syn_001148	反义词	syn_001147
syn_012846	上位词	syn_005604
syn_005196	上位词	syn_003889
syn_003698	上位词	syn_005604
syn_000378	反义词	syn_009113
syn_009498	反义词	syn_001195
syn_005645	上位词	syn_005719
syn_007024	整体词	syn_006889
syn_001942	上位词	syn_012135
syn_007713	上位词	syn_004810
syn_006592	上位词	syn_002521
syn_002236	反义词	syn_002235
syn_011776	整体词	syn_007364
syn_016571	整体词	syn_002023
syn_006099	上位词	syn_002468
syn_009980	上位词	syn_001224
syn_001252	反义词	syn_009665
syn_015640	整体词	syn_002051
syn_018522	上位词	syn_005604
syn_010650	反义词	syn_010649
syn_001385	反义词	syn_010336
syn_017699	反义词	syn_003422
syn_004744	上位词	syn_004827
syn_000518	上位词	syn_003028
syn_001485	反义词	syn_001142
syn_016490	上位词	syn_002023
syn_002356	整体词	syn_006889
syn_002694	上位词	syn_006280
syn_010333	反义词	syn_010332
syn_011700	上位词	syn_004821
syn_004382	上位词	syn_004715
syn_016486	上位词	syn_002023
syn_015708	上位词	syn_006592
syn_018446	上位词	syn_005604
syn_010355	反义词	syn_001570
syn_002585	反义词	syn_013011
syn_006401	反义词	syn_006400
syn_019338	上位词	syn_006871
syn_006601	上位词	syn_015711
syn_002390	反义词	syn_013792
syn_014784	上位词	syn_002134
syn_002176	反义词	syn_002177
syn_012665	上位词	syn_012659
syn_007007	上位词	syn_000037
syn_012725	上位词	syn_012477
syn_017001	上位词	syn_002023
syn_011094	反义词	syn_011095
syn_013760	上位词	syn_003228
syn_001539	反义词	syn_010199
syn_011768	上位词	syn_014898
syn_001313	反义词	syn_010328
syn_004127	上位词	syn_002319
syn_018542	上位词	syn_005604
syn_007345	上位词	syn_012477
syn_009159	反义词	syn_009540
syn_019476	上位词	syn_005604
syn_002605	反义词	syn_017147
syn_000679	上位词	syn_007772
syn_010841	反义词	syn_010842
syn_001576	反义词	syn_001578
syn_005827	上位词	syn_000717
syn_002662	反义词	syn_002253
syn_000671	反义词	syn_000672
syn_016410	反义词	syn_016411
syn_019676	上位词	syn_012477
syn_013099	上位词	syn_013254
syn_002158	反义词	syn_002538
syn_000959	上位词	syn_008523
syn_009180	反义词	syn_009110
syn_004380	上位词	syn_004715
syn_009680	反义词	syn_009679
syn_004810	上位词	syn_006925
syn_009181	反义词	syn_009182
syn_002482	反义词	syn_002481
syn_002189	上位词	syn_004717
syn_017788	反义词	syn_017541
syn_000278	反义词	syn_000277
syn_010328	反义词	syn_001313
syn_004059	上位词	syn_002327
syn_007709	上位词	syn_015661
syn_016981	上位词	syn_008067
syn_006386	上位词	syn_002319
syn_002175	上位词	syn_004717
syn_015546	上位词	syn_015275
syn_002340	反义词	syn_002339
syn_002515	上位词	syn_006272
syn_007822	上位词	syn_002561
syn_018578	上位词	syn_005604
syn_006969	上位词	syn_002319
syn_014908	整体词	syn_000698
syn_011600	上位词	syn_004717
syn_001397	反义词	syn_010616
syn_019827	上位词	syn_015275
syn_018179	上位词	syn_005604
syn_001438	反义词	syn_001439
syn_007357	上位词	syn_012477
syn_015348	上位词	syn_007784
syn_016626	整体词	syn_016358
syn_007113	上位词	syn_002068
syn_011776	上位词	syn_004715
syn_002654	上位词	syn_015398
syn_016820	上位词	syn_000625
syn_008150	上位词	syn_012739
syn_011486	反义词	syn_011485
syn_009470	反义词	syn_001535
syn_011267	上位词	syn_011330
syn_010265	反义词	syn_001357
syn_001533	反义词	syn_003855
syn_010218	反义词	syn_010217
syn_003728	上位词	syn_005604
syn_011587	上位词	syn_006870
syn_006870	上位词	syn_012135
syn_003582	反义词	syn_003582
syn_008932	上位词	syn_002651
syn_014843	上位词	syn_002134
syn_007340	上位词	syn_012477
syn_006287	上位词	syn_000733
syn_018304	上位词	syn_005604
syn_003233	上位词	syn_003212
syn_002342	上位词	syn_012135
syn_007019	反义词	syn_000280
syn_011022	反义词	syn_011019
syn_006015	反义词	syn_006016
syn_011771	上位词	syn_004715
syn_018532	上位词	syn_005604
syn_008015	反义词	syn_016188
syn_001263	上位词	syn_008634
syn_016669	上位词	syn_018023
syn_006972	上位词	syn_008784
syn_013029	上位词	syn_007181
syn_019191	整体词	syn_001978
